J_early,F_early,J_mid,F_mid,J_late,F_late,controversy_rate,rank_instability,J_overall,F_overall,dynamic_pattern,Balance_traditional,Balance_phased,Score_ultimate,rule_name,j_min,j_max,steepness,early_j,mid_j,late_j
0.019703889439726043,0.9366497785182906,0.20314592320400296,0.7781094486541619,0.7468233653848627,0.3368522408963585,0.05102040816326531,2.8581210374443677,0.32322439267619724,0.6838704893562703,1.3269170135670687,0.4389727870431738,0.5763531692381629,0.6668813249758019,"Sigmoid(jmin=0.20,jmax=0.65,s=4)",0.2,0.65,4.0,,,
-0.022945197124634702,0.9522980479727885,0.1877614415098283,0.7850268289638975,0.7878989043238779,0.2904586834733894,0.05102040816326531,2.852668329376419,0.31757171623635716,0.6759278534700252,1.4726834659479118,0.4321201035685841,0.5821508223836778,0.6811414611151636,"Sigmoid(jmin=0.20,jmax=0.65,s=5)",0.2,0.65,5.0,,,
-0.05466524049410698,0.9631869524170563,0.183958573185667,0.7825014948209161,0.8210952861669265,0.24852941176470586,0.05102040816326531,2.8513074299037537,0.3167962062861622,0.6647392863342261,1.5904180673133839,0.42909682973939856,0.5869905539281359,0.6934598585662927,"Sigmoid(jmin=0.20,jmax=0.65,s=6)",0.2,0.65,6.0,,,
-0.0665963959338676,0.9670308209668071,0.1892751894189868,0.7723516773181576,0.833029255020685,0.2334383753501401,0.05102040816326531,2.8504886969413983,0.3185693495019348,0.6576069578783683,1.6332180965712197,0.42921226261157885,0.5887056978662757,0.6982890345351722,"Sigmoid(jmin=0.20,jmax=0.65,s=7)",0.2,0.65,7.0,,,
0.03513062913556515,0.9303287975000778,0.2628930461289229,0.7323085583679774,0.8152226931293245,0.2553046218487395,0.05102040816326531,2.846756792509334,0.3710821227979375,0.6393139925722648,1.4551162396450976,0.46959403324946175,0.5817524973856816,0.6905074198897467,"Sigmoid(jmin=0.20,jmax=0.70,s=4)",0.2,0.7000000000000001,4.0,,,
-0.0074162123234866265,0.9467922792317256,0.25669698361203763,0.7304097627191819,0.8449158948294564,0.21813725490196081,0.05102040816326531,2.8355933774067594,0.3647322220393358,0.6317797656176228,1.5809871314827078,0.46247399049358995,0.5831399031987468,0.7013747179906658,"Sigmoid(jmin=0.20,jmax=0.70,s=5)",0.2,0.7000000000000001,5.0,,,
-0.04413595510420263,0.9598929857147851,0.24850442881139426,0.7333296777714496,0.8680781641900038,0.1790266106442577,0.05102040816326531,2.8492747325023338,0.3574822126323985,0.6240830913768308,1.6930804943647337,0.4545772012531508,0.5861966671002883,0.7111320466771991,"Sigmoid(jmin=0.20,jmax=0.70,s=6)",0.2,0.7000000000000001,6.0,,,
-0.062862010604675,0.9658173285768443,0.23510727948480897,0.738722030820864,0.8876314679472324,0.1468312324929972,0.05102040816326531,2.8515903994637464,0.3532922456091221,0.6171235306302352,1.7694795746357546,0.44934339134406,0.5874008854558224,0.7175630772382341,"Sigmoid(jmin=0.20,jmax=0.70,s=7)",0.2,0.7000000000000001,7.0,,,
0.051528226593148777,0.9231745954929348,0.38352806557993235,0.6282489820189868,0.8665264666747858,0.18140756302521008,0.05102040816326531,2.8490325707541446,0.4338609196159557,0.5776103801790439,1.5567652725493617,0.4955208729599995,0.583497476573988,0.7089738688498264,"Sigmoid(jmin=0.20,jmax=0.75,s=4)",0.2,0.7500000000000001,4.0,,,
0.007140915724000265,0.9409677212445379,0.3547470074572148,0.6454459112112125,0.8900644215650166,0.14220938375350142,0.05102040816326531,2.846464243736073,0.4173174482487439,0.5762076720697505,1.6816818433320528,0.4840572431473349,0.5797515195935666,0.7169026498901696,"Sigmoid(jmin=0.20,jmax=0.75,s=5)",0.2,0.7500000000000001,5.0,,,
-0.03229039529787095,0.9553346355681998,0.3377688485861077,0.6525335539606201,0.9008808717420898,0.12592787114845938,0.05102040816326531,2.8492132675277384,0.40211977501010887,0.5779320202257597,1.762578031459701,0.4742563506827496,0.5840502264227787,0.7233416130123225,"Sigmoid(jmin=0.20,jmax=0.75,s=6)",0.2,0.7500000000000001,6.0,,,
-0.06059805266961716,0.9650292277887433,0.31328466188371645,0.6640917669894213,0.9129726978287256,0.10312208216619981,0.05102040816326531,2.853437795008548,0.3885531023476083,0.5774143589814548,1.8354778961208864,0.4645211138139393,0.5860249941184806,0.7283034587265085,"Sigmoid(jmin=0.20,jmax=0.75,s=7)",0.2,0.7500000000000001,7.0,,,
0.06623645690237272,0.916334732165182,0.43989343535567904,0.5804425988261971,0.8952923371160963,0.13375350140056025,0.05102040816326531,2.8511777330106227,0.46714074312471604,0.5435102774639797,1.6116371109783456,0.502440090076893,0.5834861124449701,0.7165334085890874,"Sigmoid(jmin=0.20,jmax=0.80,s=4)",0.2,0.8000000000000002,4.0,,,
0.015989844471505543,0.9373456080636011,0.4167061298679669,0.5921974697722444,0.9159345525038787,0.09420518207282912,0.05102040816326531,2.8353863624854525,0.4495435089477837,0.5412494199695582,1.7430851340231452,0.4911524020159145,0.5780230534791109,0.7246529867855162,"Sigmoid(jmin=0.20,jmax=0.80,s=5)",0.2,0.8000000000000002,5.0,,,
-0.024203443852430763,0.9526031350425815,0.39392536972995423,0.6019082655124519,0.9252062070511533,0.07244981325863678,0.05102040816326531,2.8322754551200453,0.4316427109762256,0.5423204046045568,1.8295629726875289,0.48069304867185936,0.5798327652798478,0.730705878188959,"Sigmoid(jmin=0.20,jmax=0.80,s=6)",0.2,0.8000000000000002,6.0,,,
-0.05269252147987623,0.962400483983529,0.380763615788767,0.5985078590338124,0.9399177669832897,0.035924369747899164,0.05102040816326531,2.844032194552978,0.4226629537640601,0.5322775709217469,1.9190864026987957,0.47117910389689477,0.5798803492396254,0.7368183129455297,"Sigmoid(jmin=0.20,jmax=0.80,s=7)",0.2,0.8000000000000002,7.0,,,
0.09175735101447387,0.9060047747331484,0.2768791420033193,0.7261767486967534,0.7848733621385318,0.2943102240896358,0.05102040816326531,2.85432582526439,0.38450328505210835,0.6421639158398459,1.3048105617675705,0.4810013117548331,0.584476956082326,0.6797163732625988,"Sigmoid(jmin=0.25,jmax=0.65,s=4)",0.25,0.65,4.0,,,
0.05621095536604163,0.9221872130176629,0.2628930461289229,0.7323085583679774,0.8006229063352892,0.27543767507002803,0.05102040816326531,2.849832383175904,0.37324230261008456,0.6433111488185561,1.3911614889168824,0.4724019856355419,0.5831727618930995,0.6853804098849746,"Sigmoid(jmin=0.25,jmax=0.65,s=5)",0.25,0.65,5.0,,,
0.02749185204630944,0.9338569542721792,0.2656023743934722,0.7250895926931293,0.8291298791350756,0.23895308123249298,0.05102040816326531,2.8480260050092396,0.37407470185828573,0.6326332093992671,1.4965419001284523,0.4701504310144176,0.5821850366779369,0.6949466670552455,"Sigmoid(jmin=0.25,jmax=0.65,s=6)",0.25,0.65,6.0,,,
0.015498419048239202,0.9386785359968751,0.24966424969461176,0.7342005389364284,0.8393053324705265,0.22612044817927174,0.05102040816326531,2.846503011329488,0.3681560004044591,0.6329998410375252,1.5363650012398908,0.46554728062591677,0.5817189339857226,0.6974082012421748,"Sigmoid(jmin=0.25,jmax=0.65,s=7)",0.25,0.65,7.0,,,
0.10180591855494273,0.9010025249644626,0.357327995867718,0.6620069723946242,0.8338088466555393,0.23359593837535017,0.05102040816326531,2.8384944667213547,0.4309809203594,0.5988684785781456,1.399409514689709,0.5012400615820433,0.5875237828720592,0.6961619415398956,"Sigmoid(jmin=0.25,jmax=0.70,s=4)",0.25,0.7000000000000001,4.0,,,
0.06276075963590587,0.9189788201033877,0.3744084757051555,0.6353604979540322,0.8511698540710416,0.21025910364145659,0.05102040816326531,2.852552067310658,0.42944636313736767,0.5881994738996255,1.4971288108970668,0.49644014778458667,0.5856485749078013,0.703931334632117,"Sigmoid(jmin=0.25,jmax=0.70,s=5)",0.25,0.7000000000000001,5.0,,,
0.04522923039875521,0.926589673302476,0.3564585779757706,0.6439494988224448,0.875068988407608,0.16999299719887953,0.05102040816326531,2.8507644731690562,0.42558559892737796,0.5801773897746001,1.5864364341124493,0.49100065260904224,0.583542044032552,0.7105982891384172,"Sigmoid(jmin=0.25,jmax=0.70,s=6)",0.25,0.7000000000000001,6.0,,,
0.016153171592751328,0.938404300428522,0.3428463548620747,0.6509821641739362,0.8940945046690628,0.13669467787114847,0.05102040816326531,2.8536507233649013,0.41769801037462956,0.5753603808245354,1.679650955633685,0.48401360574294433,0.5803192114220553,0.7168567774475623,"Sigmoid(jmin=0.25,jmax=0.70,s=7)",0.25,0.7000000000000001,7.0,,,
0.1385876007750357,0.8824454140630611,0.4532078405848696,0.5704567105314853,0.875068988407608,0.16999299719887953,0.05102040816326531,2.829442074735806,0.48895480992250445,0.5409650405978087,1.448933804496754,0.5136466851601955,0.5889704403359838,0.7052703548332231,"Sigmoid(jmin=0.25,jmax=0.75,s=4)",0.25,0.7500000000000001,4.0,,,
0.08476039774457383,0.9090578203034951,0.4380323862634396,0.5819206142748008,0.8940945046690628,0.13669467787114847,0.05102040816326531,2.852450750555729,0.47229576289235875,0.5425577041498147,1.5816972493568358,0.5049944905670106,0.5852367126149118,0.7148309226249543,"Sigmoid(jmin=0.25,jmax=0.75,s=5)",0.25,0.7500000000000001,5.0,,,
0.052908066489612326,0.9234790584271555,0.4194027749845115,0.5906906432654179,0.910955720105115,0.10765056022408963,0.05102040816326531,2.8405116983449243,0.46108885385974635,0.5406067539722209,1.6738761518185687,0.4976916073684202,0.5824421589024216,0.7210195817978033,"Sigmoid(jmin=0.25,jmax=0.75,s=6)",0.25,0.7500000000000001,6.0,,,
0.0235123175188432,0.9353160488108586,0.39991311448622835,0.5981755603091585,0.9145533053847661,0.10058356676003734,0.05102040816326531,2.84162592923392,0.44599291246327927,0.5446917252933515,1.7257734699167442,0.4904257918207622,0.5797799831144634,0.7232309162069361,"Sigmoid(jmin=0.25,jmax=0.75,s=7)",0.25,0.7500000000000001,7.0,,,
0.15050230365189832,0.8755851174968821,0.4998704188171402,0.5252443477643526,0.9028977382461192,0.12167366946778711,0.05102040816326531,2.8224604990567483,0.5177568202383859,0.507501044909674,1.5063068826233157,0.5125776377090168,0.5879800513468374,0.7103898317137818,"Sigmoid(jmin=0.25,jmax=0.80,s=4)",0.25,0.8000000000000002,4.0,,,
0.093618971847044,0.9046249982236142,0.4851894044428819,0.5307071855801315,0.9199516137453285,0.08640289449112977,0.05102040816326531,2.833965672165501,0.4995866633450848,0.5072450260982918,1.644554745630769,0.5033867184433467,0.5833773568583175,0.7200765338882702,"Sigmoid(jmin=0.25,jmax=0.80,s=5)",0.25,0.8000000000000002,5.0,,,
0.062244023742690474,0.9191942909070938,0.47277200821207743,0.5326879662373829,0.934891821177029,0.04851774042950514,0.05102040816326531,2.838340028340398,0.4899692843772656,0.5001333325246606,1.7433243479119271,0.4949991381642782,0.578378186459676,0.725937468913073,"Sigmoid(jmin=0.25,jmax=0.80,s=6)",0.25,0.8000000000000002,6.0,,,
0.028742779119488943,0.9330296097597135,0.46777305068168534,0.5288973532555934,0.9498068930987281,0.016334033613445372,0.05102040816326531,2.844649399039092,0.4821075742999675,0.49275366554291744,1.8377596901255073,0.4873724889515562,0.5738663134041193,0.7317394464539474,"Sigmoid(jmin=0.25,jmax=0.80,s=7)",0.25,0.8000000000000002,7.0,,,
0.1829219412856623,0.859313062946281,0.3686578797900323,0.6537306490447716,0.7939535554450229,0.28405112044817926,0.05102040816326531,2.8177461391407137,0.4485111255069058,0.5990316108130772,1.1862935566574624,0.5129572907427793,0.5893745978641594,0.6789207589825218,"Sigmoid(jmin=0.30,jmax=0.65,s=4)",0.3,0.65,4.0,,,
0.14549851644011128,0.8793699716277571,0.357327995867718,0.6620069723946242,0.828222586512414,0.24017857142857146,0.05102040816326531,2.82761214888835,0.4436830329400811,0.5938518384836509,1.3219154702714884,0.5079000081296788,0.5894131850157878,0.6909773417054828,"Sigmoid(jmin=0.30,jmax=0.65,s=5)",0.3,0.65,5.0,,,
0.11110882293062796,0.8969868462948049,0.38828953655620935,0.6252296973820551,0.8414796289621056,0.22349439775910368,0.05102040816326531,2.845459232755278,0.446959329482981,0.5819036471453213,1.4038632545671788,0.5055819285170677,0.5884605867150194,0.6981909167610381,"Sigmoid(jmin=0.30,jmax=0.65,s=6)",0.3,0.65,6.0,,,
0.098395149990646,0.9034694064105828,0.37558362306214677,0.6332076671247308,0.8511698540710416,0.21025910364145659,0.05102040816326531,2.847649956237253,0.4417162090412781,0.5823120590589234,1.4459850068495217,0.5023624507626575,0.5881226288709078,0.7013358613097157,"Sigmoid(jmin=0.30,jmax=0.65,s=7)",0.3,0.65,7.0,,,
0.1976211270434863,0.8509221507058877,0.4653023831298113,0.564188836248905,0.8511698540710416,0.21025910364145659,0.05102040816326531,2.828136249873328,0.5046977880814464,0.5417900301987498,1.2942117740919863,0.5225865510699632,0.5922036475700674,0.6934500737359017,"Sigmoid(jmin=0.30,jmax=0.70,s=4)",0.3,0.7000000000000001,4.0,,,
0.1554623631358816,0.8737066806703484,0.45602880839811294,0.5685044144615421,0.875068988407608,0.16999299719887953,0.05102040816326531,2.822831162351012,0.4955200533138675,0.5374013641102567,1.4233203087431954,0.5156116391872971,0.5897237727903392,0.7035244912023044,"Sigmoid(jmin=0.30,jmax=0.70,s=5)",0.3,0.7000000000000001,5.0,,,
0.12533858871805406,0.8899078142157726,0.44142910079814335,0.5795088920101373,0.8852604695443611,0.15371148459383754,0.05102040816326531,2.8390368457215565,0.4840093863535195,0.5410427302732491,1.496118210448242,0.5109394061491166,0.5883604997904184,0.7089936295613786,"Sigmoid(jmin=0.30,jmax=0.70,s=6)",0.3,0.7000000000000001,6.0,,,
0.10351398959697916,0.900795609619139,0.4220512212579344,0.5923904957005645,0.8986636075572946,0.13012955182072827,0.05102040816326531,2.845036992776273,0.47474293947073604,0.5411052190468105,1.565815675758726,0.505756456020198,0.5865664734364715,0.7138702831475674,"Sigmoid(jmin=0.30,jmax=0.70,s=7)",0.3,0.7000000000000001,7.0,,,
0.23327473750676989,0.8291868118425212,0.5486517769009577,0.4838724592401064,0.8940945046690628,0.13669467787114847,0.05102040816326531,2.8058045661918207,0.5586736730255968,0.48325131631792534,1.3533119011336656,0.5182326763309402,0.5909782780290589,0.6976863131560602,"Sigmoid(jmin=0.30,jmax=0.75,s=4)",0.3,0.7500000000000001,4.0,,,
0.1821150166142786,0.8596372485645842,0.5047542915638392,0.5189204429110361,0.9016999057990857,0.12461484593837534,0.05102040816326531,2.8151679594057715,0.5295230713257345,0.5010575124713319,1.454607291811016,0.5148971697819161,0.5897471188196317,0.7064458524962599,"Sigmoid(jmin=0.30,jmax=0.75,s=5)",0.3,0.7500000000000001,5.0,,,
0.14648933839019226,0.8787627357264035,0.48853237901362284,0.5284937127784235,0.9145533053847661,0.10058356676003734,0.05102040816326531,2.8211145868196112,0.5165250075961937,0.5026133384216215,1.5462431359609399,0.5094742229268217,0.5874093933633968,0.7132812352178535,"Sigmoid(jmin=0.30,jmax=0.75,s=6)",0.3,0.7500000000000001,6.0,,,
0.10800513624418673,0.8984474675651146,0.4918295086516057,0.5198592100262737,0.9150047293025926,0.09984827264239028,0.05102040816326531,2.8268537113674967,0.5049464580661284,0.5060516500779262,1.6055987879811302,0.5054984499910834,0.5856063408376275,0.7174831527814203,"Sigmoid(jmin=0.30,jmax=0.75,s=7)",0.3,0.7500000000000001,7.0,,,
0.2567521886635577,0.8140569685984911,0.6166162397168145,0.4100685670538612,0.9137341601081891,0.10217086834733892,0.05102040816326531,2.7740828465249083,0.5957008628295205,0.4420988013332304,1.3688680716957835,0.5075327088731866,0.5901219500141833,0.6957750415704832,"Sigmoid(jmin=0.30,jmax=0.80,s=4)",0.3,0.8000000000000002,4.0,,,
0.18591202840709437,0.8574335698903174,0.5986263283658002,0.4199582280464634,0.921506126400003,0.08248132586367879,0.05102040816326531,2.810604452717719,0.5686814943909658,0.45329104126681985,1.510546342019547,0.5044719260987477,0.5873605797412508,0.7081962226886482,"Sigmoid(jmin=0.30,jmax=0.80,s=5)",0.3,0.8000000000000002,5.0,,,
0.1524494211678317,0.8752727616481941,0.5650956121008184,0.4457540825187884,0.9377882870774523,0.04180672268907564,0.05102040816326531,2.8250658091692773,0.5517777734487007,0.4542778556186861,1.6188049048687392,0.4983033074079435,0.5827695433890754,0.7157941824606735,"Sigmoid(jmin=0.30,jmax=0.80,s=6)",0.3,0.8000000000000002,6.0,,,
0.11077381737892134,0.8969852043381455,0.5462957724648494,0.45923323469441585,0.9504756316059286,0.014233193277310915,0.05102040816326531,2.8371880048869467,0.5358484071498998,0.45681721076995746,1.7224538252878419,0.4931867697053741,0.5792396529144687,0.7235651460494309,"Sigmoid(jmin=0.30,jmax=0.80,s=7)",0.3,0.8000000000000002,7.0,,,
-0.002181021936243633,0.9411954992100506,0.17090159471299132,0.8111898200690337,0.5968037742556108,0.47217645799960883,0.05102040816326531,2.885302127902632,0.2551747823441195,0.7415205924262311,1.0680038374022962,0.37968944286441336,0.5578350736396203,0.6176495754261336,"Piecewise(e=0.20,m=0.40,l=0.65)",,,,0.2,0.4,0.65
-0.002181021936243633,0.9411954992100506,0.17090159471299132,0.8111898200690337,0.6408421282623353,0.411929025693353,0.05102040816326531,2.8852533906118247,0.26985423367969436,0.7214381149908125,1.1722896237152765,0.39278650728873765,0.5589970933803864,0.6323558793069588,"Piecewise(e=0.20,m=0.40,l=0.70)",,,,0.2,0.4,0.7000000000000001
-0.002181021936243633,0.9411954992100506,0.17090159471299132,0.8111898200690337,0.6912736969787792,0.35568701283472703,0.05102040816326531,2.8843206853523804,0.2866647565851756,0.7026907773712705,1.2789632052903463,0.4072078716621416,0.5628781614235943,0.6485139671894493,"Piecewise(e=0.20,m=0.40,l=0.75)",,,,0.2,0.4,0.7500000000000001
-0.002181021936243633,0.9411954992100506,0.17090159471299132,0.8111898200690337,0.7050333905971247,0.33440801728999164,0.05102040816326531,2.8849961551575407,0.2912513211246241,0.6955977788563587,1.314001894453427,0.4105871344811941,0.5627502704001509,0.6529932476444401,"Piecewise(e=0.20,m=0.40,l=0.80)",,,,0.2,0.4,0.8000000000000002
0.024569113669506207,0.9276726658342759,0.3389683354321692,0.6845826809997446,0.7034947221291382,0.3727474323062558,0.05102040816326531,2.8524591642678896,0.35567739041027124,0.6616675930467587,1.2338508419876522,0.4626556510146818,0.5688135255841766,0.6624176739131167,"Piecewise(e=0.20,m=0.45,l=0.65)",,,,0.2,0.45,0.65
0.024569113669506207,0.9276726658342759,0.3389683354321692,0.6845826809997446,0.7407588226144104,0.3182773109243697,0.05102040816326531,2.8540513066318893,0.3680987572386953,0.6435108859194634,1.3255850638548103,0.46831415453300956,0.5690987314533811,0.6733742089160922,"Piecewise(e=0.20,m=0.45,l=0.70)",,,,0.2,0.45,0.7000000000000001
0.024569113669506207,0.9276726658342759,0.3389683354321692,0.6845826809997446,0.7585118061395886,0.29557871543269054,0.05102040816326531,2.8529553528991674,0.37401641841375466,0.635944687422237,1.3660366428716677,0.471015671642201,0.5698849074125987,0.6784656747383006,"Piecewise(e=0.20,m=0.45,l=0.75)",,,,0.2,0.45,0.7500000000000001
0.024569113669506207,0.9276726658342759,0.3389683354321692,0.6845826809997446,0.7790031313376763,0.25829831932773106,0.05102040816326531,2.854006083996017,0.3808468601464505,0.6235178887205838,1.423808364174715,0.4728657202122009,0.5685762257510331,0.6844052569411356,"Piecewise(e=0.20,m=0.45,l=0.80)",,,,0.2,0.45,0.8000000000000002
0.07107610189130205,0.9020030739882136,0.543574698028666,0.517501561010382,0.7775194227730324,0.3017433851422094,0.05102040816326531,2.781103703164812,0.46405674089766685,0.573749340046935,1.3067030097277343,0.5131059717669556,0.5784206464350761,0.6877201231680768,"Piecewise(e=0.20,m=0.50,l=0.65)",,,,0.2,0.5,0.65
0.07107610189130205,0.9020030739882136,0.543574698028666,0.517501561010382,0.8069480056248578,0.25387923948394614,0.05102040816326531,2.7828069174643595,0.47386626851494196,0.557794624827514,1.3839957382378232,0.5124165492177205,0.5776763921589709,0.6950192929714837,"Piecewise(e=0.20,m=0.50,l=0.70)",,,,0.2,0.5,0.7000000000000001
0.07107610189130205,0.9020030739882136,0.543574698028666,0.517501561010382,0.820121413899105,0.23177588208750505,0.05102040816326531,2.780070885136918,0.4782574046063577,0.5504268390287003,1.4192725039085115,0.5118105251215225,0.5772077431619569,0.6982245676105889,"Piecewise(e=0.20,m=0.50,l=0.75)",,,,0.2,0.5,0.7500000000000001
0.07107610189130205,0.9020030739882136,0.543574698028666,0.517501561010382,0.8363354701054302,0.2014457660945904,0.05102040816326531,2.7801885653857012,0.4836620900084661,0.5403168003643953,1.4658166761077513,0.5104221491046016,0.5760059368252716,0.702101930124431,"Piecewise(e=0.20,m=0.50,l=0.80)",,,,0.2,0.5,0.8000000000000002
0.10007299683491225,0.8832435655228226,0.6945458567827275,0.3388791355703121,0.8329015540328778,0.2348214285714286,0.05102040816326531,2.7561348462921167,0.5425068025501725,0.48564804322152105,1.3812506941493594,0.512505228519556,0.5818224209479783,0.6960152009898902,"Piecewise(e=0.20,m=0.55,l=0.65)",,,,0.2,0.55,0.65
0.10007299683491225,0.8832435655228226,0.6945458567827275,0.3388791355703121,0.8514265445917388,0.20161064425770311,0.05102040816326531,2.7569443946143277,0.5486817994031262,0.47457778178361254,1.432986469021946,0.5089465000929353,0.5807377612528914,0.6997957620406365,"Piecewise(e=0.20,m=0.55,l=0.70)",,,,0.2,0.55,0.7000000000000001
0.10007299683491225,0.8832435655228226,0.6945458567827275,0.3388791355703121,0.8745092824036519,0.16038963980243845,0.05102040816326531,2.756364158818917,0.5563760453404306,0.460837446965191,1.4972902112891238,0.5041201640102477,0.5794183817054125,0.7043824215783044,"Piecewise(e=0.20,m=0.55,l=0.75)",,,,0.2,0.55,0.7500000000000001
0.10007299683491225,0.8832435655228226,0.6945458567827275,0.3388791355703121,0.883576223796943,0.14446778711484595,0.05102040816326531,2.7594399321504453,0.5593983591381942,0.4555301627359935,1.5222790053700073,0.502149304272006,0.5789540935858812,0.7061507566290609,"Piecewise(e=0.20,m=0.55,l=0.80)",,,,0.2,0.55,0.8000000000000002
0.05648639442130293,0.9199876630872096,0.17143880149531748,0.8108555954701033,0.5968037742556108,0.47217645799960883,0.05102040816326531,2.885727400044895,0.2749096567240771,0.7343399055189739,0.9881285849219087,0.4000539388817601,0.5607700016870285,0.6166518773975214,"Piecewise(e=0.25,m=0.40,l=0.65)",,,,0.25,0.4,0.65
0.05648639442130293,0.9199876630872096,0.17143880149531748,0.8108555954701033,0.6408421282623353,0.411929025693353,0.05102040816326531,2.885678662754088,0.28958910805965193,0.7142574280835553,1.0924143712348888,0.41209719628736186,0.5619320214277946,0.6310420391727297,"Piecewise(e=0.25,m=0.40,l=0.70)",,,,0.25,0.4,0.7000000000000001
0.05648639442130293,0.9199876630872096,0.17143880149531748,0.8108555954701033,0.6912736969787792,0.35568701283472703,0.05102040816326531,2.8847459574946437,0.3063996309651332,0.6955100904640134,1.1990879528099587,0.42539568284999507,0.5658130894710025,0.6468632637119891,"Piecewise(e=0.25,m=0.40,l=0.75)",,,,0.25,0.4,0.7500000000000001
0.05648639442130293,0.9199876630872096,0.17143880149531748,0.8108555954701033,0.7050333905971247,0.33440801728999164,0.05102040816326531,2.885421427299804,0.3109861955045817,0.6884170919491015,1.2341266419730397,0.4284320754858447,0.5656851984475592,0.6512396831120191,"Piecewise(e=0.25,m=0.40,l=0.80)",,,,0.25,0.4,0.8000000000000002
0.08908594599714667,0.9022847777372655,0.34158558541059625,0.6826566658384354,0.7034947221291382,0.3727474323062558,0.05102040816326531,2.8523863453290588,0.3780554178456271,0.6525629586273188,1.1439461215630011,0.4787513353657065,0.5741005256206015,0.6598420071868865,"Piecewise(e=0.25,m=0.45,l=0.65)",,,,0.25,0.45,0.65
0.08908594599714667,0.9022847777372655,0.34158558541059625,0.6826566658384354,0.7407588226144104,0.3182773109243697,0.05102040816326531,2.853978487693059,0.3904767846740511,0.6344062515000235,1.2356803434301593,0.48341304230694987,0.574385731489806,0.6704995032167367,"Piecewise(e=0.25,m=0.45,l=0.70)",,,,0.25,0.45,0.7000000000000001
0.08908594599714667,0.9022847777372655,0.34158558541059625,0.6826566658384354,0.7585118061395886,0.29557871543269054,0.05102040816326531,2.8528825339603365,0.3963944458491105,0.6268400530027971,1.276131922447017,0.4856675878791547,0.5751719074490236,0.6754568775778491,"Piecewise(e=0.25,m=0.45,l=0.75)",,,,0.25,0.45,0.7500000000000001
0.08908594599714667,0.9022847777372655,0.34158558541059625,0.6826566658384354,0.7790031313376763,0.25829831932773106,0.05102040816326531,2.8539332650571856,0.40322488758180636,0.6144132543011439,1.333903643750064,0.48690532557268595,0.5738632257874581,0.6812127665177435,"Piecewise(e=0.25,m=0.45,l=0.80)",,,,0.25,0.45,0.8000000000000002
0.13616310977864782,0.8746534221647334,0.5444806420424548,0.5166980715705289,0.7775194227730324,0.3017433851422094,0.05102040816326531,2.78077435594275,0.48605439153137836,0.5643649596258239,1.2142663500169086,0.5222905818525959,0.5832331524655012,0.6826755920318139,"Piecewise(e=0.25,m=0.50,l=0.65)",,,,0.25,0.5,0.65
0.13616310977864782,0.8746534221647334,0.5444806420424548,0.5166980715705289,0.8069480056248578,0.25387923948394614,0.05102040816326531,2.7824775702422984,0.4958639191486534,0.5484102444064028,1.2915590785269973,0.5208150552473046,0.5824888981893961,0.6897389306184039,"Piecewise(e=0.25,m=0.50,l=0.70)",,,,0.25,0.5,0.7000000000000001
0.13616310977864782,0.8746534221647334,0.5444806420424548,0.5166980715705289,0.820121413899105,0.23177588208750505,0.05102040816326531,2.7797415379148567,0.5002550552400692,0.5410424586075891,1.3268358441976855,0.5198499399424471,0.582020249192382,0.6928364778949113,"Piecewise(e=0.25,m=0.50,l=0.75)",,,,0.25,0.5,0.7500000000000001
0.13616310977864782,0.8746534221647334,0.5444806420424548,0.5166980715705289,0.8363354701054302,0.2014457660945904,0.05102040816326531,2.77985921816364,0.5056597406421776,0.5309324199432842,1.3733800163969254,0.5179879994759244,0.5808184428556967,0.6965717710738729,"Piecewise(e=0.25,m=0.50,l=0.80)",,,,0.25,0.5,0.8000000000000002
0.17193607204228076,0.8496271412560994,0.6965544148568701,0.3367606658047835,0.8329015540328778,0.2348214285714286,0.05102040816326531,2.7604810513927123,0.5671306803106763,0.47373641187743715,1.2757711946752677,0.5162435349765742,0.586110108709435,0.6878750493080236,"Piecewise(e=0.25,m=0.55,l=0.65)",,,,0.25,0.55,0.65
0.17193607204228076,0.8496271412560994,0.6965544148568701,0.3367606658047835,0.8514265445917388,0.20161064425770311,0.05102040816326531,2.7612905997149224,0.5733056771636299,0.46266615043952863,1.3275069695478543,0.5120778839944106,0.5850254490143483,0.6914735335921071,"Piecewise(e=0.25,m=0.55,l=0.70)",,,,0.25,0.55,0.7000000000000001
0.17193607204228076,0.8496271412560994,0.6965544148568701,0.3367606658047835,0.8745092824036519,0.16038963980243845,0.05102040816326531,2.7607103639195127,0.5809999231009343,0.4489258156211071,1.391810711815032,0.5064945064437888,0.5837060694668692,0.6958330806893945,"Piecewise(e=0.25,m=0.55,l=0.75)",,,,0.25,0.55,0.7500000000000001
0.17193607204228076,0.8496271412560994,0.6965544148568701,0.3367606658047835,0.883576223796943,0.14446778711484595,0.05102040816326531,2.763786137251041,0.5840222368986979,0.4436185313919096,1.4167995058959155,0.5042288998794411,0.5832417813473381,0.6975129916923193,"Piecewise(e=0.25,m=0.55,l=0.80)",,,,0.25,0.55,0.8000000000000002
0.12047238138085005,0.891303764176778,0.1729744669377818,0.8099218886540436,0.5968037742556108,0.47217645799960883,0.05102040816326531,2.884107945187727,0.2967502075247475,0.7244673702768102,0.89545869905193,0.42103827264189025,0.5649620294058084,0.6149377972541965,"Piecewise(e=0.30,m=0.40,l=0.65)",,,,0.3,0.4,0.65
0.12047238138085005,0.891303764176778,0.1729744669377818,0.8099218886540436,0.6408421282623353,0.411929025693353,0.05102040816326531,2.8840592078969194,0.3114296588603224,0.7043848928413915,0.9997444853649103,0.43190235169691593,0.5661240491465747,0.6289742055242322,"Piecewise(e=0.30,m=0.40,l=0.70)",,,,0.3,0.4,0.7000000000000001
0.12047238138085005,0.891303764176778,0.1729744669377818,0.8099218886540436,0.6912736969787792,0.35568701283472703,0.05102040816326531,2.8831265026374755,0.32824018176580366,0.6856375552218495,1.1064180669399801,0.44394661711409444,0.5700051171897825,0.6444191637198551,"Piecewise(e=0.30,m=0.40,l=0.75)",,,,0.3,0.4,0.7500000000000001
0.12047238138085005,0.891303764176778,0.1729744669377818,0.8099218886540436,0.7050333905971247,0.33440801728999164,0.05102040816326531,2.883801972442636,0.33282674630525216,0.6785445567069378,1.1414567561030609,0.44659716240571984,0.5698772261663392,0.6486798289166178,"Piecewise(e=0.30,m=0.40,l=0.80)",,,,0.3,0.4,0.8000000000000002
0.16393714273428048,0.8653541419036264,0.3433549164448187,0.6813515983568973,0.7034947221291382,0.3727474323062558,0.05102040816326531,2.8371619213688817,0.40359559376941245,0.6398177241889266,1.0321642889922282,0.4949670659820626,0.5779915742179367,0.6546958576939166,"Piecewise(e=0.30,m=0.45,l=0.65)",,,,0.3,0.45,0.65
0.16393714273428048,0.8653541419036264,0.3433549164448187,0.6813515983568973,0.7407588226144104,0.3182773109243697,0.05102040816326531,2.838754063732881,0.4160169605978365,0.6216610170616311,1.1238985108593864,0.4984620130870905,0.5782767800871411,0.6650033257729021,"Piecewise(e=0.30,m=0.45,l=0.70)",,,,0.3,0.45,0.7000000000000001
0.16393714273428048,0.8653541419036264,0.3433549164448187,0.6813515983568973,0.7585118061395886,0.29557871543269054,0.05102040816326531,2.837658110000159,0.4219346217728959,0.6140948185644047,1.164350089876244,0.5001940194273039,0.5790629560463587,0.6698039383644171,"Piecewise(e=0.30,m=0.45,l=0.75)",,,,0.3,0.45,0.7500000000000001
0.16393714273428048,0.8653541419036264,0.3433549164448187,0.6813515983568973,0.7790031313376763,0.25829831932773106,0.05102040816326531,2.8387088410970085,0.4287650635055918,0.6016680198627516,1.222121811179291,0.500710295330298,0.5777542743847931,0.6753433887671504,"Piecewise(e=0.30,m=0.45,l=0.80)",,,,0.3,0.45,0.8000000000000002
0.19665640853514552,0.8441453670183809,0.5461213279261321,0.5152343837432048,0.7775194227730324,0.3017433851422094,0.05102040816326531,2.7790963183480946,0.50676571974477,0.5537077119679318,1.1232649961140586,0.529197769208569,0.5861793956728949,0.6765314858105389,"Piecewise(e=0.30,m=0.50,l=0.65)",,,,0.3,0.5,0.65
0.19665640853514552,0.8441453670183809,0.5461213279261321,0.5152343837432048,0.8069480056248578,0.25387923948394614,0.05102040816326531,2.780799532647642,0.5165752473620452,0.5377529967485107,1.200557724624147,0.5269514287732848,0.58543514139679,0.6833635802481312,"Piecewise(e=0.30,m=0.50,l=0.70)",,,,0.3,0.5,0.7000000000000001
0.19665640853514552,0.8441453670183809,0.5461213279261321,0.5152343837432048,0.820121413899105,0.23177588208750505,0.05102040816326531,2.7780635003202003,0.5209663834534609,0.530385210949697,1.2358344902948353,0.5256336066005107,0.5849664923997759,0.6863553154642634,"Piecewise(e=0.30,m=0.50,l=0.75)",,,,0.3,0.5,0.7500000000000001
0.19665640853514552,0.8441453670183809,0.5461213279261321,0.5152343837432048,0.8363354701054302,0.2014457660945904,0.05102040816326531,2.778181180568984,0.5263710688555693,0.5202751722853921,1.2823786624940752,0.5233053686531979,0.5837646860630905,0.689950719398988,"Piecewise(e=0.30,m=0.50,l=0.80)",,,,0.3,0.5,0.8000000000000002
0.24252284337236443,0.8099038732180637,0.6965544148568701,0.3367606658047835,0.8329015540328778,0.2348214285714286,0.05102040816326531,2.743193308808028,0.5906596040873707,0.4604953225314252,1.1654611553071486,0.5175183562434803,0.5883104825640411,0.6778866039076652,"Piecewise(e=0.30,m=0.55,l=0.65)",,,,0.3,0.55,0.65
0.24252284337236443,0.8099038732180637,0.6965544148568701,0.3367606658047835,0.8514265445917388,0.20161064425770311,0.05102040816326531,2.7440028571302384,0.5968346009403245,0.4494250610935167,1.217196930179735,0.5127454239589218,0.5872258228689542,0.6813029038010302,"Piecewise(e=0.30,m=0.55,l=0.70)",,,,0.3,0.55,0.7000000000000001
0.24252284337236443,0.8099038732180637,0.6965544148568701,0.3367606658047835,0.8745092824036519,0.16038963980243845,0.05102040816326531,2.7434226213348283,0.6045288468776288,0.4356847262750952,1.2815006724469127,0.5064036693522526,0.5859064433214752,0.6854349377815036,"Piecewise(e=0.30,m=0.55,l=0.75)",,,,0.3,0.55,0.7500000000000001
0.24252284337236443,0.8099038732180637,0.6965544148568701,0.3367606658047835,0.883576223796943,0.14446778711484595,0.05102040816326531,2.7464983946663564,0.6075511606753925,0.4303774420458977,1.3064894665277964,0.5038425836959126,0.585442155201944,0.6870262050568305,"Piecewise(e=0.30,m=0.55,l=0.80)",,,,0.3,0.55,0.8000000000000002
